,,,,,,,,,,,,,,,,,,,,,,,,,,,,,,,,,0,0,0,0,0,,0,0,0,0,0,0,,,,,,0,0,0,0,0,,,,,,,,,,,,,,,,,,,,,,,,,,,,
,,,,,,,,,,0,0,0,0,0,,,,,,,,,,,,,,,0,,0,,0,0,0,0,,,0,0,0,0,0,0,0,,,,,,0,0,0,0,0,0,,,,,,,,0,,,,,,,,,,,,,,,,,,
,,,,0,,,0,0,,0,0,0,0,0,,,,,,,,,,,,0,0,,,,,,,,0,0,,,,,0,0,0,0,0,0,0,0,,,,0,0,0,0,,0,,,,,,0,0,0,,,,,,,,,,,,,,,,,
,,,,,,,0,0,0,0,0,0,0,0,0,,,,,,,,,,,,,0,0,,,0,0,,,,,,,0,,,,0,0,0,0,0,0,0,0,0,0,0,0,0,0,,,,0,0,0,0,0,,,,,,,,,,,,,,,,,
,0,,,0,0,,0,0,0,0,0,0,0,0,0,0,,,,,,,,0,0,,0,0,0,,0,,0,0,0,0,,,,,,,,,,0,0,0,0,0,0,,0,,0,0,,,,,,,0,0,,,,,,,,,,,,,,,,,,
,,,0,0,0,0,0,0,0,0,0,0,0,0,0,0,0,,,,,,0,0,,0,,,,,,0,,,,,0,0,,,,,,,,,0,,,0,0,0,,0,0,0,,,,,,,,,,,,,,,,,,,,,,,,,,
,,,0,0,0,0,0,0,0,0,0,0,0,0,0,0,0,0,0,0,,,,,0,0,0,0,,0,0,,,0,0,0,0,0,0,0,,,,,,,,0,0,0,0,,,0,0,0,0,,,,,,,,,,,,,,,,,,,,,,,,,
,,0,0,0,0,0,0,0,0,0,0,0,0,0,0,0,0,0,0,0,0,0,,0,0,0,0,0,0,,,0,,0,0,0,0,0,0,0,0,0,0,,,,,,,0,0,0,,0,0,0,,,,,,,,,,,,,,,,,,,,,,,,,,
,,,0,0,0,0,0,0,0,0,0,0,0,0,0,0,0,0,0,,,0,0,,0,0,,0,0,,,0,0,,,,,0,0,0,0,,0,,,,,,,0,0,0,0,0,0,0,,,,,,,,,,,,,,,,,,,,,,,,,,
,0,0,0,0,,,0,0,0,0,0,0,0,0,0,0,0,0,,,0,0,0,0,,,0,,,,0,0,0,0,,0,0,,,,0,0,0,0,0,0,,,,,0,0,0,0,0,0,0,,,,,,,,,,,,,,,,,,,,,,,,,
0,,,,,,0,0,,0,0,0,0,0,0,0,0,0,0,0,0,0,0,0,0,0,0,0,0,0,0,0,0,0,0,0,0,0,,0,,,0,,0,,0,0,,,,,,0,0,0,0,0,0,,,,,,,,,,,,,,,,,,,,,,,,
,,,0,0,,,,,,0,0,0,0,0,0,0,0,0,0,0,,0,0,0,0,0,0,0,0,0,0,0,0,0,0,,,,,0,0,0,0,0,0,,,,,,,,,,0,0,0,0,,,,,,,,,,,,,,,,,,,,,,,,
,,,,,,,,,,0,0,0,0,0,0,0,0,0,0,,,,0,0,0,0,0,0,0,0,0,0,0,0,,0,0,0,,,,,,0,0,0,0,,,,,,,,,,,,,,,,,,,,,,,,,,,,,,,,,,,
,,,,,,,,,,,0,0,0,0,0,0,0,0,0,0,0,,0,0,0,0,0,0,0,0,0,0,,,,,,,,,0,0,0,,,,,,,,,,,,,,,,,,,,,,,,,,,,,,,,,,,,,,,
,,,,,,,,,,,0,0,0,0,0,0,0,0,0,0,0,0,0,0,0,0,0,0,0,0,0,,,,,,0,,0,,0,0,0,0,0,,,,0,,,,,,,,,,,,,,,,,,,,,,,,,,,,,,,,,
,,,,,,,,,,,,0,0,0,0,0,0,0,0,0,0,0,0,0,0,0,0,0,0,0,0,,,,,,,,,,0,0,0,0,0,0,,,0,0,,,,,,,,,,,,,,,,,,,,,,,,,,,,,,,,
,,,,,,,,,,0,,0,0,0,0,0,0,0,0,0,,,,0,0,0,,0,0,0,0,0,,,,,,,,,,0,0,0,0,0,0,0,0,,0,0,,,,,,,,,,,,,,,,,,,,,,,,,,,,,,
,,,,,,,,,,,,0,0,0,0,0,0,0,0,0,0,0,0,0,0,,0,0,0,0,0,0,0,,,,,,,,,,0,0,0,0,0,0,0,0,0,0,0,0,0,,,,,,,,,,,,,,,,,,,,,,,,,,,
,,,,,,,,,,,,0,0,0,0,0,0,0,0,0,0,0,0,0,0,0,0,0,,0,0,0,0,0,0,0,,,,,,0,0,,0,0,0,0,0,,,0,0,,,0,,,,,,,,,,,,,,,,,,,,,,,,,,
,,,,,,,,,,,0,,0,0,0,0,0,0,0,0,0,0,0,0,0,0,,0,,0,0,0,0,0,0,0,0,0,,,0,0,0,0,0,0,0,,0,0,,0,0,0,0,0,,,,,,,,,,,,,,,,,,,,,,,,,,
,,,,,,,,,,,0,,0,0,0,0,0,0,0,0,0,0,0,0,0,0,,0,0,,0,0,,0,0,0,0,0,0,,,0,,0,0,0,0,0,0,0,0,0,0,0,0,,0,,,,,,,,,,,,,,,,,,,,,,,,,
,,,,,,,,,,,,,0,0,0,0,0,0,0,0,0,0,0,0,0,0,0,0,0,0,0,0,0,0,0,0,0,0,0,,,0,0,0,0,0,0,,0,0,0,,,,,,0,0,0,,,,,,,,,,,,,,,,,,,,,,,
,,,,,,,,,,,0,,0,0,0,0,0,0,0,0,0,0,0,0,0,0,0,0,0,0,0,0,0,,,0,0,0,0,0,0,0,0,0,0,0,0,0,0,,,,,0,,,0,0,0,,,,,,,,,,,,,,,,,,,,,,,
,,,,,,,,,,,0,0,0,0,0,0,0,0,0,0,0,0,0,0,0,0,0,0,0,0,0,0,,,,,0,0,0,0,0,0,0,0,0,0,0,0,,0,0,0,,,,,,,,0,,,,,,,,,,,,,,,,,,,,,,
,,,,,,,,,,,0,0,0,0,0,0,0,0,0,0,0,0,0,0,0,0,0,0,0,0,0,,,0,,,0,0,0,0,0,0,0,0,0,0,0,,0,0,0,0,0,,,0,,,,,,,,,,,,,,,,,,,,,,,,,,
,,,,,,,,,,0,,,0,0,0,0,0,0,0,0,0,0,0,0,0,0,0,0,0,0,0,0,0,0,0,0,,,,0,0,0,0,0,0,0,,0,0,0,0,0,,0,0,,,,,,,,,,,,,,,,,,,,,,,,,,,
,,,,,,,,,0,0,0,0,0,0,0,0,0,0,0,0,0,0,0,0,0,0,0,0,0,0,0,0,0,0,,,0,,,,0,0,0,0,0,,0,0,0,0,0,,0,0,,,,,,,,,,,,,,,,,,,,,,,,,,,,
,,,,,,,,,0,0,0,0,0,0,0,0,0,0,0,0,0,0,0,0,0,0,0,0,0,,0,0,0,0,0,,0,0,,0,0,0,0,,,0,0,0,0,,,,0,,,,,,,,,,,,,,,,,,,,,,,,,,,,,
,,,,,,,,,0,0,0,0,0,0,0,0,0,0,0,0,0,0,0,0,0,0,0,0,0,0,,0,0,0,,,0,0,0,0,0,0,,,0,0,0,0,0,,,,,,,,,,,,,,,,,,,,,,,,,,,,,,,,,
,,,,,,,,,0,0,0,0,0,0,0,0,0,0,0,0,0,0,0,0,0,0,0,0,0,0,0,,0,0,,,0,0,0,,,,0,0,0,,0,0,0,0,,,,,,,,,,,,,,,,,,,,,,,,,,,,,,,,
,,,,,,,,0,0,0,0,0,0,0,0,,0,0,0,0,0,0,0,0,0,0,0,,0,0,0,,0,0,0,0,0,0,0,0,0,0,0,0,0,0,0,0,,,,,,,,,,,,,,,,,,,,,,,,,,,,,,,,,,
,,,,,,,,0,0,0,0,0,0,0,0,,0,0,0,0,0,0,0,0,0,0,0,0,,0,0,0,,0,0,0,0,0,0,0,0,0,0,0,0,0,0,,0,,,,,,,,,,,,,,,,,,,,,,,,,,,,,,,,,
,,,,,,,,,,0,0,,0,0,0,0,0,0,0,0,0,0,0,0,0,0,0,0,,0,0,,0,0,0,0,0,0,0,0,0,,0,0,0,0,,,,,,,,,,,,,,,,,,,,,,,,,,,,,,,,,,,,
,,,,,,,,0,,0,0,0,0,0,0,0,0,0,0,0,0,0,0,0,0,0,0,0,,0,0,,0,0,0,0,0,0,,0,,0,0,0,0,,0,,,,,,,,,,,,,,,,,,,,,,,,,,,,,,,,,,,
,,,,,,,,,0,0,0,0,0,0,0,0,0,0,0,0,0,0,0,0,0,0,0,0,0,,,0,,0,0,0,,,0,,0,0,0,0,0,,0,,,,,,,,,,,,,,,,,,,,,,,,,,,,,,,,,,,
,,,,,,,,,0,0,0,0,0,0,0,0,0,0,0,0,0,0,0,0,0,0,0,0,0,0,0,0,0,,0,,0,0,0,0,0,0,0,0,0,,,,,,,,,,,,,,,,,,,,,,,,,,,,,,,,,,,,,
,,,,,,,,,0,0,0,0,0,0,0,0,0,0,0,0,0,0,0,0,0,0,0,0,0,0,0,0,0,0,,0,0,0,0,0,0,0,0,0,0,0,,,,,,,,,,,,,,,,,,,,,,,,,,,,,,,,,,,,
,,,,,,,,,,0,0,,0,0,0,0,0,0,0,0,0,0,0,0,0,0,0,0,0,0,0,0,0,0,,0,0,0,0,0,0,0,0,0,0,0,,,,,,,,,,,,,0,,,,,,,,,,,,,,,,,,,,,,,
,,,,,,,,,,,0,0,0,0,0,0,0,0,0,0,0,0,0,0,0,0,0,0,0,0,0,0,0,,0,0,0,0,0,0,0,0,0,0,0,,,,,,,,,,,,,,,,,,,,,,,,,,,,,,,,,,,,,
,,,,,,,,,,,0,0,0,0,0,0,0,0,0,0,0,0,0,0,0,0,0,0,0,0,0,0,,0,0,0,0,0,0,0,0,0,0,,,,,,,,,,,,,,,,,,,,,,,,,,,,,,,,,,,,,,,
,,,,,,,,,,,0,0,,0,0,0,0,0,0,0,0,0,0,0,0,0,0,0,0,0,0,0,,0,0,0,0,0,0,0,0,0,,,,,,,,,,,,,,,,,,,,,,,,,,,,,,,,,,,,,,,,
,,,,,,,,,,,0,0,,0,0,0,0,0,0,0,0,0,0,0,0,0,0,0,0,0,0,0,,0,0,0,0,0,0,0,0,,,,,,,,,,,,,,,,,,,,,,,,,,,,,,,,,,,,,,,,,
,,,,,,,,,,,,0,,0,0,0,0,0,0,0,0,0,0,0,0,0,0,0,0,0,0,0,0,,0,0,0,0,0,0,0,,,,,,,,,,,,,,,,,,,,,,,,,,,,,,,,,,,,,,,,,
,,,,,,,,,,,,0,,,0,0,0,0,0,0,0,0,0,0,0,0,0,0,0,0,,0,0,0,,,,0,,0,0,0,,,,,,,,,,,,,,,,,,,,,,,,,,,,,,,,,,,,,,,,
,,,,,,,,,,,0,0,0,,0,0,0,0,0,0,0,0,0,0,0,0,0,0,,,,,,,,,,,,,0,0,,,,,,,,,,,,,,,,,,,,,,,,,,,,,,,,,,,,,,,,
,,,,,,,,,,,,0,0,,,0,0,0,0,0,0,0,0,0,0,0,0,,,,,,,,,,,,,,0,,0,,1,,,,,,,,,,,,,,,,,,,,,,,,,,,,,,,,,,,,,
,,,,,,,,,,,,,0,0,,0,0,0,0,0,0,0,0,0,0,0,0,,,,,,,,,,,,,,,0,0,,,,,,,,,,,,,,,,,,,,,,,,,,,,,,,,,,,,,,,
,,,,,,,,,,,,,0,0,,,0,0,0,0,,0,0,0,0,0,0,,,,,,,,,,,,,,,,0,,,1,,,,,,,,,,,,,,,,,,,,,,,,,,,,,,,,,,,,
,,,,,,,,,,,,,,0,0,,,0,0,0,0,0,0,0,0,0,0,,,,,,,,,,,,,,,,,,,,,,1,,,,,,,,,,,,,,,,,,,,,,,,,,,,,,,,,
,,,,,,,,,,,,,,,0,,,0,0,0,0,0,0,0,0,0,0,,,,,,,,,,,,,,1,3,1,1,1,1,,,,,,,,,,,,,,,,,,,,,,,,,,,,,,,,,,,,
,,,,,,,,,,,,,,,,,,,0,0,0,0,0,0,0,0,,,,,,,,,,,,,,1,,,,1,1,1,1,1,,,,,1,,,,,,,,,,,,,,,,,,,,,,,,,,,,,
,,,,,,,,,,,,,,,,,,,0,0,0,0,0,0,0,0,0,,,,,,,,0,0,0,0,,,,1,,,,1,1,1,1,,,,,,,,,,,,,,,,,,,,,,,,,,,,,,,,,
,,,,,,,,,,,,,,,,,,0,0,0,0,0,0,0,0,0,0,,,,,,,0,0,0,0,,,,,,,,,,,1,1,1,,,,,,,,,,,,,,,,,,,,,,,,,,,,,,,,
,,,,,,,,,,,,,,,,,,0,0,,0,0,0,0,,0,0,,,,,,,0,0,0,0,,,,,,,,,,1,1,3,1,1,,1,1,1,1,1,,,,,,,,,,,,,,,,,,,,,,,,,
,,,,,,,,,,,,,,,,,,,0,0,0,0,0,0,,0,0,0,,,,,0,0,0,0,,,,,,,,,,,,,,,,,,3,1,1,1,1,,,,,,,,,,,,,,,,,,,,,,,,
,,,,,,,,,,,,,,,,,,,,0,0,0,0,0,0,0,0,0,0,,0,0,0,0,0,0,,,,,,,,,,,,,,,,1,1,1,1,1,1,8,1,,1,3,,,,,,,,,,,,,,,,,,,,
,,,,,,,,,,,,,,,,,,,,,,0,0,0,0,0,0,0,0,0,0,0,0,0,0,,,,,,,,,,,1,1,3,,,,,,,,1,,,,,,,,1,,,,,,,,,,,,,,,,,,
,,,,,,,,,,,,,,,,,,,,,,,,0,0,0,0,0,0,0,0,0,0,0,0,,,,,,,,,,,,,,,,,,,,,,,,,,,,,,,,,,,,,,,,,,,,,,,
,,,,,,,,,,,,,,,,,,,,,,,,,,0,0,0,0,,0,0,,0,0,0,0,0,,,,,,,,,,,,,,,,,,,,,,,,,1,,1,,,,,,,,,,,,,,,,,
,,,,,,,,,,,,,,,,,,,,,,,,,,,,,,,,0,0,0,0,0,0,0,0,,,,,,,,,,,,,,,,,,,,,,,,,,,,,,,,,,,,,,,,,,,
,,,,,,,,,,,,,,,,,,,,,,,,,,,,,,,,,0,0,0,0,0,0,0,,,,,,,,,,,,3,,,,,,,,,,,,,3,,,,,,,,,,,,,,,,,,
,,,,,,,,,,,,,,,,,,,,,,,,,,,,,,,,,,,0,0,0,0,0,,,,,,,,,,1,,,,,,,,,,,,,1,,,,,,,,,,,,,,,,,,,,
,,,,,,,,,,,,,,,,,,,,,,,,,,,,,,,,,,,,0,0,0,,,,,,,,,0,1,,,1,1,,,,1,,,,1,,,,1,,,,,,,,,,,,,,,,,,
,,,,,,,,,,,,,,,,,,,,,,,,,,,,,,,,,,,,0,,0,,,,,,,0,0,0,1,,1,1,1,1,1,3,1,1,1,1,,,,,,,,,,,,,,,,,,,,,,,
,,,,,,,,,,,,,,,,,,,,,,,,,,,,,,,,,,,,,0,0,0,,0,0,,,0,0,0,1,,1,5,1,1,,1,1,1,1,1,1,,,,,,,,,,,,,,,,,,,,,,
,0,,,,,,,,,,,,,,,,,,,,,,,,,,,,,,,,,,,,,0,0,0,,,0,0,0,0,0,1,1,1,1,1,1,1,1,1,1,3,1,1,1,1,,,,,,,,,,,,,,,,,,,,
,0,0,,0,0,,,0,0,,,,,,,,,,,,,,,,,,,,,,,,,,,,,,,0,,,0,0,0,0,0,0,1,1,1,1,1,1,1,1,1,,1,1,1,3,1,,3,1,1,,,,,,,,,,,,,,,
,,,,0,0,0,,,,,,,,,,,,,,,,,,,,,,,,,,,,,,,,,,,,,0,0,0,0,0,0,0,1,1,1,1,1,1,1,1,1,1,1,1,1,1,1,1,1,1,3,,,,,,,,,,,,,,
,,,,,,,,0,,0,0,0,,,,,,,,,,,,,,,,,,,,,,,,,,,,,,,,0,0,0,0,0,0,1,1,1,1,1,1,1,1,1,1,1,1,1,1,1,,1,1,1,1,,,,,,,,,,,,,
,,,,,,,,,,,0,0,,,,,,,,,,,,,,,,,,,,,,,,,,,,,,,,0,0,0,0,0,0,0,1,1,1,1,1,1,1,1,1,1,1,1,1,1,1,1,1,1,1,,,,,,,,,,,,,
,,,,,,,,,0,,,,,,,,,,,,,,,,,,,,,,,,,,,,,,,,,,,0,0,0,0,0,0,0,1,1,1,1,1,1,1,1,5,1,1,1,1,1,1,1,1,1,1,1,,,,,,,,,,,,
,,,,,,,,,,,,0,0,,,,,,,,,,,,,,,,,,,,,,,,,,,,,,0,0,0,0,0,0,0,0,0,1,1,1,1,1,1,1,1,1,1,1,1,1,1,1,1,1,1,,,,,,,,,,,,,
,,,,,,,,,,,,,0,0,,,,,,,,,,,,,,,,,,,,,,,,,,,,,0,0,0,0,0,0,0,0,0,1,1,1,1,1,1,1,1,1,1,1,1,1,1,1,1,1,5,,0,,0,,,,,,,,,
,,,,,,,,,,,,0,0,0,0,,,,,,,,,,,,,,,,,,,,,,,,,,,0,0,0,0,0,0,0,0,0,0,1,1,1,1,1,1,1,1,1,1,1,1,1,1,1,1,,,,,0,0,0,,,,,,,,
,,,,,,,,,,,,0,0,0,,,,,,,,,,,,,,,,,0,,,,,,,,,,0,0,0,0,0,0,0,0,0,0,0,1,1,1,1,1,1,,1,1,1,1,1,1,,1,,1,,0,0,,0,,0,0,0,0,,,,
,,,,,,,,,,,,,0,,,,,,,,,,,,,,,,,,,0,,0,,,,,,0,0,0,0,0,0,0,0,1,1,1,1,1,1,1,1,1,1,1,,10,1,1,1,,3,,1,1,,0,,0,0,0,0,0,0,0,0,,,
,,,,,,,,,,,,,,,,,,,,,,,,,,,,,,,0,,,,,,,,,0,0,0,0,0,1,1,1,1,1,1,1,1,1,1,,,1,1,1,,,,,1,1,1,1,1,,0,,0,0,0,0,0,0,0,0,0,,
,,,,,,,,,,,,,,,,,,,,,,,,,,,,,,,,,,,,,,,,,0,0,0,0,1,1,3,,,,1,,,,1,1,,,,0,0,0,0,0,1,1,1,,0,0,0,0,0,0,0,0,0,0,0,0,,
,,,,,,,,,,,,,,,,,,,,,,,,,,,,,,,,,,,,,,,,0,0,0,0,0,1,1,,1,1,1,,1,1,1,1,1,1,1,0,0,0,0,0,0,1,1,,0,0,0,0,0,0,0,0,0,0,0,0,0,,
,,,,,,,,,,,,,,,,,,,,,,,,,,,,,,,,,,,,,,,,0,0,0,0,0,0,1,1,1,1,1,1,1,1,1,1,1,1,0,0,0,0,0,0,0,0,1,0,0,0,0,0,0,0,0,0,0,0,0,0,0,,
,,,,,,,,,,,,,,,,,,,,,,,,,,,,,,,,,,,,,,,,,0,0,0,0,0,1,1,1,1,1,1,1,1,1,1,1,0,0,0,0,0,0,0,0,0,0,0,0,0,0,0,0,0,0,,0,0,0,0,0,,
,,,,,,,,,,,,,,,,,,,,,,,,,,,,,,,,,,,,,,,,,,0,0,0,0,0,1,1,1,1,1,1,1,1,1,0,0,0,0,0,0,0,0,0,0,0,0,0,0,0,0,0,0,,0,0,0,0,0,,,
,,,,,,,,,,,,,,,,,,,,,,,,,,,,,,,,,,,,,,,,,,0,0,0,0,0,1,1,1,1,1,1,1,1,0,0,0,0,0,0,0,0,0,0,0,0,0,0,0,0,0,0,0,0,0,0,0,0,,,,
,,,,,,,,,,,,,,,,,,,,,,,,,,,,,,,,,,,,,,,,,,,0,0,,0,0,1,1,1,1,1,1,1,0,0,0,0,0,0,0,0,0,0,0,0,0,0,0,0,0,0,0,0,0,0,0,0,,,,
,,,,,,,,,,,,,,,,,,,,,,,,,,,,,,,,,,,,,,,,,,,0,0,0,0,0,0,0,1,1,1,1,1,0,0,0,0,0,0,0,0,0,0,0,0,0,0,0,0,0,0,0,0,0,0,0,,,,,
,,,,,,,,,,,,,,,,,,,,,,,,,,,,,,,,,,,,,,,,,,,,0,0,0,0,0,0,1,1,1,1,0,0,0,0,0,0,0,0,0,0,0,0,0,0,0,0,0,0,0,0,0,0,0,,,,,,
,,,,,,,,,,,,,,,,,,,,,,,,,,,,,,,,,,,,,,,,,,,,0,0,0,0,0,0,0,0,1,1,1,1,0,0,0,0,0,0,0,0,0,0,0,0,0,0,0,0,0,0,0,0,0,,,,,,
,,,,,,,,,,,,,,,,,,,,,,,,,,,,,,,,,,,,,,,,,,,,,0,0,0,0,0,0,0,0,0,1,1,1,0,0,0,0,0,0,0,0,0,0,0,0,0,0,0,0,0,0,0,0,,,,,,
,,,,,,,,,,,,,,,,,,,,,,,,,,,,,,,,,,,,,,,,,,,,,0,0,0,0,0,,,0,0,0,1,1,0,0,0,0,0,0,0,0,0,0,0,0,0,0,0,0,0,0,0,0,,,,,,
,,,,,,,,,,,,,,,,,,,,,,,,,,,,,,,,,,,,,,,,,,,,,,0,0,0,0,0,,0,0,0,0,1,0,0,0,0,0,0,0,0,0,0,0,0,0,0,0,0,0,0,0,0,,,,,,
,,,,,,,,,,,,,,,,,,,,,,,,,,,,,,,,,,,,,,,,,,,,,,,,0,0,0,0,0,0,0,0,0,0,0,0,0,0,0,0,0,0,0,0,0,0,0,0,0,0,0,0,,,,,,,
,,,,,,,,,,,,,,,,,,,,,,,,,,,,,,,,,,,,,,,,,,,,,,,,,0,0,0,0,0,0,0,0,0,0,0,0,0,1,0,0,0,0,0,0,0,0,0,0,0,0,0,,,,,,,
,,,,,,,,,,,,,,,,,,,,,,,,,,,,,,,,,,,,,,,,,,,,,,,,,,0,0,0,,0,0,0,0,0,0,0,1,1,1,0,0,0,0,0,0,0,0,0,0,0,0,,,,,,,
,,,,,,,,,,,,,,,,,,,,,,,,,,,,,,,,,,,,,,,,,,,,,,,,,,0,0,0,0,0,0,0,0,0,0,0,1,1,1,0,0,0,0,0,0,0,0,0,0,0,0,,,,,,,
,,,,,,,,,,,,,,,,,,,,,,,,,,,,,,,,,,,,,,,,,,,,,,,,,,0,0,0,0,0,0,0,0,0,0,0,1,1,1,0,0,0,0,0,0,0,0,0,0,0,,,,,,,,
,,,,,,,,,,,,,,,,,,,,,,,,,,,,,,,,,,,,,,,,,,,,,,,,,,0,0,0,0,0,0,0,0,0,0,0,0,0,1,0,0,0,0,0,0,0,0,,,,,,,,,,,
,,,,,,,,,,,,,,,,,,,,,,,,,,,,,,,,,,,,,,,,,,,,,,,,,,0,0,0,0,0,0,0,0,0,0,0,0,0,0,0,0,0,0,0,0,,,,,,,,,,,,,
,,,,,,,,,,,,,,,,,,,,,,,,,,,,,,,,,,,,,,,,,,,,,,,,,0,0,0,,0,0,0,0,0,0,0,0,0,0,0,0,0,0,0,0,,,,,,,,,,,,,,
,,,,,,,,,,,,,,,,,,,,,,,,,,,,,,,,,,,,,,,,,,,,,,,,,0,0,0,0,0,0,0,0,0,0,0,0,0,0,0,0,0,0,0,,,,,,,,,,,,,,,
,,,,,,,,,,,,,,,,,,,,,,,,,,,,,,,,,,,,,,,,,,,,,,,,,0,0,0,0,0,0,0,0,0,0,0,0,0,0,0,0,0,0,0,,,,,,,,,,,,,,,
,,,,,,,,,,,,,,,,,,,,,,,,,,,,,,,,,,,,,,,,,,,,,,,,,0,0,0,0,0,0,0,0,0,0,0,0,0,0,0,0,0,0,0,,,,,,,,,,,,,,,
,,,,,,,,,,,,,,,,,,,,,,,,,,,,,,,,,,,,,,,,,,,,,,,,0,0,0,0,0,0,0,0,0,0,0,0,0,0,0,0,0,0,0,,,,,,,,,,,,,,,,
,,,,,,,,,,,,,,,,,,,,,,,,,,,,,,,,,,,,,,,,,,,,,,,,0,0,0,0,0,,0,0,0,0,0,0,0,0,0,0,,0,,,,,,,,,,,,,,,,,
,,,,,,,,,,,,,,,,,,,,,,,,,,,,,,,,,,,,,,,,,,,,,,,,0,0,0,0,,0,0,,0,0,0,0,0,0,0,,0,,,,,,,,,,,,,,,,,,
,,,,,,,,,,,,,,,,,,,,,,,,,,,,,,,,,,,,,,,,,,,,,,,,0,0,0,0,0,0,0,0,0,0,0,0,0,0,0,0,,,,,,,,,,,,,,,,,,,
,,,,,,,,,,,,,,,,,,,,,,,,,,,,,,,,,,,,,,,,,,,,,,,0,0,0,0,0,0,0,0,0,0,0,0,0,0,0,0,,,,,,,,,,,,,,,,,,,,
,,,,,,,,,,,,,,,,,,,,,,,,,,,,,,,,,,,,,,,,,,,,,,,0,0,0,0,0,0,0,0,0,0,0,0,,,,,,,,,,,,,,,,,,,,,,,,
,,,,,,,,,,,,,,,,,,,,,,,,,,,,,,,,,,,,,,,,,,,,,,0,0,0,0,0,0,0,0,0,0,0,0,0,0,,,,,,,,,,,,,,,,,,,,,,,
,,,,,,,,,,,,,,,,,,,,,,,,,,,,,,,,,,,,,,,,,,,,,,0,0,0,0,0,0,0,0,0,0,0,0,0,0,,,,,,,,,,,,,,,,,,,,,,,
,,,,,,,,,,,,,,,,,,,,,,,,,,,,,,,,,,,,,,,,,,,,,,0,0,0,0,0,0,0,0,0,0,0,,,,,,,,,,,,,,,,,,,,,,,,,,
,,,,,,,,,,,,,,,,,,,,,,,,,,,,,,,,,,,,,,,,,,,,,0,0,0,0,0,0,0,0,0,,,,,,,,,,,,,,,,,,,,,,,,,,,,,
,,,,,,,,,,,,,,,,,,,,,,,,,,,,,,,,,,,,,,,,,,,,,0,,0,,0,0,0,,,,,,,,,,,,,,,,,,,,,,,,,,,,,,,
,,,,,,,,,,,,,,,,,,,,,,,,,,,,,,,,,,,,,,,,,,,,0,,0,0,0,0,0,0,0,,,,,,,,,,,,,,,,,,,,,,,,,,,,,,
,,,,,,,,,,,,,,,,,,,,,,,,,,,,,,,,,,,,,,,,,,,,,0,0,0,0,0,0,,,,,,,,,,,,,,,,,,,,,,,,,,,,,,,,
,,,,,,,,,,,,,,,,,,,,,,,,,,,,,,,,,,,,,,,,,,,0,0,0,0,0,0,,,,,,,,,,,,,,,,,,,,,,,,,,,,,,,,,,
,,,,,,,,,,,,,,,,,,,,,,,,,,,,,,,,,,,,,,,,,,,,0,0,,0,0,0,,,,,,,,,,,,,,,,,,,,,,,,,,,,,,,,,
,,,,,,,,,,,,,,,,,,,,,,,,,,,,,,,,,,,,,,,,,,0,0,0,0,0,0,0,,,,,,,,,,,,,,,,,,,,,,,,,,,,,,,,,,
,,,,,,,,,,,,,,,,,,,,,,,,,,,,,,,,,,,,,,,,,,0,0,0,0,0,,,,,,,,,,,,,,,,,,,,,,,,,,,,,,,,,,,,
,,,,,,,,,,,,,,,,,,,,,,,,,,,,,,,,,,,,,,,,,,0,0,0,0,,,,,,,0,0,,,,,,,,,,,,,,,,,,,,,,,,,,,,,
,,,,,,,,,,,,,,,,,,,,,,,,,,,,,,,,,,,,,,,,,,,0,,,0,,,,,,,,,,,,,,,,,,,,,,,,,,,,,,,,,,,,
,,,,,,,,,,,,,,,,,,,,,,,,,,,,,,,,,,,,,,,,,,,,0,0,0,0,,,,,,,,,,,,,,,,,,,,,,,,,,,,,,,,,,,
,,,,,,,,,,,,,,,,,,,,,,,,,,,,,,,,,,,,,,,,,,,,,,,,,,,,,,,,,,,,,,,,,,,,,,,,,,,,,,,,,,